{"_id":{"$oid":"63074882ff3acbe0d63c388b"},"year":"2005","energy_products":"Coal and Peat","sub_products":"Coal and Peat","value_ktoe":"0.3"}
{"_id":{"$oid":"63074882ff3acbe0d63c388c"},"year":"2005","energy_products":"Crude Oil","sub_products":"Crude Oil","value_ktoe":"177.3"}
{"_id":{"$oid":"63074882ff3acbe0d63c388d"},"year":"2005","energy_products":"Crude Oil","sub_products":"Other Crude Oil","value_ktoe":"712.8"}
{"_id":{"$oid":"63074882ff3acbe0d63c388e"},"year":"2005","energy_products":"Petroleum Products","sub_products":"Fuel Oil","value_ktoe":"16066.7"}
{"_id":{"$oid":"63074882ff3acbe0d63c388f"},"year":"2005","energy_products":"Petroleum Products","sub_products":"Gas/Diesel Oil","value_ktoe":"15208.8"}
{"_id":{"$oid":"63074882ff3acbe0d63c3890"},"year":"2005","energy_products":"Petroleum Products","sub_products":"Gasoline","value_ktoe":"15183.0"}
{"_id":{"$oid":"63074882ff3acbe0d63c3891"},"year":"2005","energy_products":"Petroleum Products","sub_products":"Jet Fuel Kerosene","value_ktoe":"6955.3"}
{"_id":{"$oid":"63074882ff3acbe0d63c3892"},"year":"2005","energy_products":"Petroleum Products","sub_products":"Naphtha","value_ktoe":"2470.2"}
{"_id":{"$oid":"63074882ff3acbe0d63c3893"},"year":"2005","energy_products":"Petroleum Products","sub_products":"Other Petroleum Products","value_ktoe":"7728.7"}
{"_id":{"$oid":"63074882ff3acbe0d63c3894"},"year":"2006","energy_products":"Coal and Peat","sub_products":"Coal and Peat","value_ktoe":"0.6"}
{"_id":{"$oid":"63074882ff3acbe0d63c3895"},"year":"2006","energy_products":"Crude Oil","sub_products":"Crude Oil","value_ktoe":"204.5"}
{"_id":{"$oid":"63074882ff3acbe0d63c3896"},"year":"2006","energy_products":"Crude Oil","sub_products":"Other Crude Oil","value_ktoe":"680.4"}
{"_id":{"$oid":"63074882ff3acbe0d63c3897"},"year":"2006","energy_products":"Petroleum Products","sub_products":"Fuel Oil","value_ktoe":"17714.4"}
{"_id":{"$oid":"63074882ff3acbe0d63c3898"},"year":"2006","energy_products":"Petroleum Products","sub_products":"Gas/Diesel Oil","value_ktoe":"17300.8"}
{"_id":{"$oid":"63074882ff3acbe0d63c3899"},"year":"2006","energy_products":"Petroleum Products","sub_products":"Gasoline","value_ktoe":"15101.7"}
{"_id":{"$oid":"63074882ff3acbe0d63c389a"},"year":"2006","energy_products":"Petroleum Products","sub_products":"Jet Fuel Kerosene","value_ktoe":"6877.4"}
{"_id":{"$oid":"63074882ff3acbe0d63c389b"},"year":"2006","energy_products":"Petroleum Products","sub_products":"Naphtha","value_ktoe":"1865.7"}
{"_id":{"$oid":"63074882ff3acbe0d63c389c"},"year":"2006","energy_products":"Petroleum Products","sub_products":"Other Petroleum Products","value_ktoe":"7647.4"}
{"_id":{"$oid":"63074882ff3acbe0d63c389d"},"year":"2007","energy_products":"Coal and Peat","sub_products":"Coal and Peat","value_ktoe":"0.7"}
{"_id":{"$oid":"63074882ff3acbe0d63c389e"},"year":"2007","energy_products":"Crude Oil","sub_products":"Crude Oil","value_ktoe":"95.6"}
{"_id":{"$oid":"63074882ff3acbe0d63c389f"},"year":"2007","energy_products":"Crude Oil","sub_products":"Other Crude Oil","value_ktoe":"735.3"}
{"_id":{"$oid":"63074882ff3acbe0d63c38a0"},"year":"2007","energy_products":"Petroleum Products","sub_products":"Fuel Oil","value_ktoe":"19471.9"}
{"_id":{"$oid":"63074882ff3acbe0d63c38a1"},"year":"2007","energy_products":"Petroleum Products","sub_products":"Gas/Diesel Oil","value_ktoe":"18217.4"}
{"_id":{"$oid":"63074882ff3acbe0d63c38a2"},"year":"2007","energy_products":"Petroleum Products","sub_products":"Gasoline","value_ktoe":"17221.0"}
{"_id":{"$oid":"63074882ff3acbe0d63c38a3"},"year":"2007","energy_products":"Petroleum Products","sub_products":"Jet Fuel Kerosene","value_ktoe":"7900.7"}
{"_id":{"$oid":"63074882ff3acbe0d63c38a4"},"year":"2007","energy_products":"Petroleum Products","sub_products":"Naphtha","value_ktoe":"1741.2"}
{"_id":{"$oid":"63074882ff3acbe0d63c38a5"},"year":"2007","energy_products":"Petroleum Products","sub_products":"Other Petroleum Products","value_ktoe":"6931.0"}
{"_id":{"$oid":"63074882ff3acbe0d63c38a6"},"year":"2008","energy_products":"Coal and Peat","sub_products":"Coal and Peat","value_ktoe":"0.3"}
{"_id":{"$oid":"63074882ff3acbe0d63c38a7"},"year":"2008","energy_products":"Crude Oil","sub_products":"Crude Oil","value_ktoe":"69.3"}
{"_id":{"$oid":"63074882ff3acbe0d63c38a8"},"year":"2008","energy_products":"Crude Oil","sub_products":"Other Crude Oil","value_ktoe":"797.5"}
{"_id":{"$oid":"63074882ff3acbe0d63c38a9"},"year":"2008","energy_products":"Petroleum Products","sub_products":"Fuel Oil","value_ktoe":"20893.6"}
{"_id":{"$oid":"63074882ff3acbe0d63c38aa"},"year":"2008","energy_products":"Petroleum Products","sub_products":"Gas/Diesel Oil","value_ktoe":"20625.3"}
{"_id":{"$oid":"63074882ff3acbe0d63c38ab"},"year":"2008","energy_products":"Petroleum Products","sub_products":"Gasoline","value_ktoe":"19617.1"}
{"_id":{"$oid":"63074882ff3acbe0d63c38ac"},"year":"2008","energy_products":"Petroleum Products","sub_products":"Jet Fuel Kerosene","value_ktoe":"8280.5"}
{"_id":{"$oid":"63074882ff3acbe0d63c38ad"},"year":"2008","energy_products":"Petroleum Products","sub_products":"Naphtha","value_ktoe":"2067.5"}
{"_id":{"$oid":"63074882ff3acbe0d63c38ae"},"year":"2008","energy_products":"Petroleum Products","sub_products":"Other Petroleum Products","value_ktoe":"7312.6"}
{"_id":{"$oid":"63074882ff3acbe0d63c38af"},"year":"2009","energy_products":"Coal and Peat","sub_products":"Coal and Peat","value_ktoe":"0.3"}
{"_id":{"$oid":"63074882ff3acbe0d63c38b0"},"year":"2009","energy_products":"Crude Oil","sub_products":"Crude Oil","value_ktoe":"46.0"}
{"_id":{"$oid":"63074882ff3acbe0d63c38b1"},"year":"2009","energy_products":"Crude Oil","sub_products":"Other Crude Oil","value_ktoe":"892.1"}
{"_id":{"$oid":"63074882ff3acbe0d63c38b2"},"year":"2009","energy_products":"Petroleum Products","sub_products":"Fuel Oil","value_ktoe":"22289.3"}
{"_id":{"$oid":"63074882ff3acbe0d63c38b3"},"year":"2009","energy_products":"Petroleum Products","sub_products":"Gas/Diesel Oil","value_ktoe":"24827.9"}
{"_id":{"$oid":"63074882ff3acbe0d63c38b4"},"year":"2009","energy_products":"Petroleum Products","sub_products":"Gasoline","value_ktoe":"20790.7"}
{"_id":{"$oid":"63074882ff3acbe0d63c38b5"},"year":"2009","energy_products":"Petroleum Products","sub_products":"Jet Fuel Kerosene","value_ktoe":"7192.9"}
{"_id":{"$oid":"63074882ff3acbe0d63c38b6"},"year":"2009","energy_products":"Petroleum Products","sub_products":"Naphtha","value_ktoe":"1584.3"}
{"_id":{"$oid":"63074882ff3acbe0d63c38b7"},"year":"2009","energy_products":"Petroleum Products","sub_products":"Other Petroleum Products","value_ktoe":"6499.2"}
{"_id":{"$oid":"63074882ff3acbe0d63c38b8"},"year":"2010","energy_products":"Coal and Peat","sub_products":"Coal and Peat","value_ktoe":"0.1"}
{"_id":{"$oid":"63074882ff3acbe0d63c38b9"},"year":"2010","energy_products":"Crude Oil","sub_products":"Crude Oil","value_ktoe":"40.3"}
{"_id":{"$oid":"63074882ff3acbe0d63c38ba"},"year":"2010","energy_products":"Crude Oil","sub_products":"Other Crude Oil","value_ktoe":"816.6"}
{"_id":{"$oid":"63074882ff3acbe0d63c38bb"},"year":"2010","energy_products":"Petroleum Products","sub_products":"Fuel Oil","value_ktoe":"21802.3"}
{"_id":{"$oid":"63074882ff3acbe0d63c38bc"},"year":"2010","energy_products":"Petroleum Products","sub_products":"Gas/Diesel Oil","value_ktoe":"27376.4"}
{"_id":{"$oid":"63074882ff3acbe0d63c38bd"},"year":"2010","energy_products":"Petroleum Products","sub_products":"Gasoline","value_ktoe":"24037.6"}
{"_id":{"$oid":"63074882ff3acbe0d63c38be"},"year":"2010","energy_products":"Petroleum Products","sub_products":"Jet Fuel Kerosene","value_ktoe":"7208.9"}
{"_id":{"$oid":"63074882ff3acbe0d63c38bf"},"year":"2010","energy_products":"Petroleum Products","sub_products":"Naphtha","value_ktoe":"990.4"}
{"_id":{"$oid":"63074882ff3acbe0d63c38c0"},"year":"2010","energy_products":"Petroleum Products","sub_products":"Other Petroleum Products","value_ktoe":"6715.2"}
{"_id":{"$oid":"63074882ff3acbe0d63c38c1"},"year":"2011","energy_products":"Coal and Peat","sub_products":"Coal and Peat","value_ktoe":"0.4"}
{"_id":{"$oid":"63074882ff3acbe0d63c38c2"},"year":"2011","energy_products":"Crude Oil","sub_products":"Crude Oil","value_ktoe":"0.2"}
{"_id":{"$oid":"63074882ff3acbe0d63c38c3"},"year":"2011","energy_products":"Crude Oil","sub_products":"Other Crude Oil","value_ktoe":"893.9"}
{"_id":{"$oid":"63074882ff3acbe0d63c38c4"},"year":"2011","energy_products":"Petroleum Products","sub_products":"Fuel Oil","value_ktoe":"26577.9"}
{"_id":{"$oid":"63074882ff3acbe0d63c38c5"},"year":"2011","energy_products":"Petroleum Products","sub_products":"Gas/Diesel Oil","value_ktoe":"28070.4"}
{"_id":{"$oid":"63074882ff3acbe0d63c38c6"},"year":"2011","energy_products":"Petroleum Products","sub_products":"Gasoline","value_ktoe":"24506.9"}
{"_id":{"$oid":"63074882ff3acbe0d63c38c7"},"year":"2011","energy_products":"Petroleum Products","sub_products":"Jet Fuel Kerosene","value_ktoe":"6147.9"}
{"_id":{"$oid":"63074882ff3acbe0d63c38c8"},"year":"2011","energy_products":"Petroleum Products","sub_products":"Naphtha","value_ktoe":"1063.2"}
{"_id":{"$oid":"63074882ff3acbe0d63c38c9"},"year":"2011","energy_products":"Petroleum Products","sub_products":"Other Petroleum Products","value_ktoe":"7127.0"}
{"_id":{"$oid":"63074882ff3acbe0d63c38ca"},"year":"2012","energy_products":"Coal and Peat","sub_products":"Coal and Peat","value_ktoe":"0.1"}
{"_id":{"$oid":"63074882ff3acbe0d63c38cb"},"year":"2012","energy_products":"Crude Oil","sub_products":"Crude Oil","value_ktoe":"0.0"}
{"_id":{"$oid":"63074882ff3acbe0d63c38cc"},"year":"2012","energy_products":"Crude Oil","sub_products":"Other Crude Oil","value_ktoe":"955.7"}
{"_id":{"$oid":"63074882ff3acbe0d63c38cd"},"year":"2012","energy_products":"Petroleum Products","sub_products":"Fuel Oil","value_ktoe":"22490.1"}
{"_id":{"$oid":"63074882ff3acbe0d63c38ce"},"year":"2012","energy_products":"Petroleum Products","sub_products":"Gas/Diesel Oil","value_ktoe":"23815.5"}
{"_id":{"$oid":"63074882ff3acbe0d63c38cf"},"year":"2012","energy_products":"Petroleum Products","sub_products":"Gasoline","value_ktoe":"24283.1"}
{"_id":{"$oid":"63074882ff3acbe0d63c38d0"},"year":"2012","energy_products":"Petroleum Products","sub_products":"Jet Fuel Kerosene","value_ktoe":"5117.7"}
{"_id":{"$oid":"63074882ff3acbe0d63c38d1"},"year":"2012","energy_products":"Petroleum Products","sub_products":"Naphtha","value_ktoe":"465.9"}
{"_id":{"$oid":"63074882ff3acbe0d63c38d2"},"year":"2012","energy_products":"Petroleum Products","sub_products":"Other Petroleum Products","value_ktoe":"7632.4"}
{"_id":{"$oid":"63074882ff3acbe0d63c38d3"},"year":"2013","energy_products":"Coal and Peat","sub_products":"Coal and Peat","value_ktoe":"2.9"}
{"_id":{"$oid":"63074882ff3acbe0d63c38d4"},"year":"2013","energy_products":"Crude Oil","sub_products":"Crude Oil","value_ktoe":"0.1"}
{"_id":{"$oid":"63074882ff3acbe0d63c38d5"},"year":"2013","energy_products":"Crude Oil","sub_products":"Other Crude Oil","value_ktoe":"1172.3"}
{"_id":{"$oid":"63074882ff3acbe0d63c38d6"},"year":"2013","energy_products":"Petroleum Products","sub_products":"Fuel Oil","value_ktoe":"26314.0"}
{"_id":{"$oid":"63074882ff3acbe0d63c38d7"},"year":"2013","energy_products":"Petroleum Products","sub_products":"Gas/Diesel Oil","value_ktoe":"21966.2"}
{"_id":{"$oid":"63074882ff3acbe0d63c38d8"},"year":"2013","energy_products":"Petroleum Products","sub_products":"Gasoline","value_ktoe":"23499.6"}
{"_id":{"$oid":"63074882ff3acbe0d63c38d9"},"year":"2013","energy_products":"Petroleum Products","sub_products":"Jet Fuel Kerosene","value_ktoe":"5015.8"}
{"_id":{"$oid":"63074882ff3acbe0d63c38da"},"year":"2013","energy_products":"Petroleum Products","sub_products":"Naphtha","value_ktoe":"463.6"}
{"_id":{"$oid":"63074882ff3acbe0d63c38db"},"year":"2013","energy_products":"Petroleum Products","sub_products":"Other Petroleum Products","value_ktoe":"6907.5"}
{"_id":{"$oid":"63074882ff3acbe0d63c38dc"},"year":"2014","energy_products":"Coal and Peat","sub_products":"Coal and Peat","value_ktoe":"7.7"}
{"_id":{"$oid":"63074882ff3acbe0d63c38dd"},"year":"2014","energy_products":"Crude Oil","sub_products":"Crude Oil","value_ktoe":"0.1"}
{"_id":{"$oid":"63074882ff3acbe0d63c38de"},"year":"2014","energy_products":"Crude Oil","sub_products":"Other Crude Oil","value_ktoe":"2727.1"}
{"_id":{"$oid":"63074882ff3acbe0d63c38df"},"year":"2014","energy_products":"Petroleum Products","sub_products":"Fuel Oil","value_ktoe":"24688.2"}
{"_id":{"$oid":"63074882ff3acbe0d63c38e0"},"year":"2014","energy_products":"Petroleum Products","sub_products":"Gas/Diesel Oil","value_ktoe":"22679.9"}
{"_id":{"$oid":"63074882ff3acbe0d63c38e1"},"year":"2014","energy_products":"Petroleum Products","sub_products":"Gasoline","value_ktoe":"25234.0"}
{"_id":{"$oid":"63074882ff3acbe0d63c38e2"},"year":"2014","energy_products":"Petroleum Products","sub_products":"Jet Fuel Kerosene","value_ktoe":"5050.3"}
{"_id":{"$oid":"63074882ff3acbe0d63c38e3"},"year":"2014","energy_products":"Petroleum Products","sub_products":"Naphtha","value_ktoe":"453.4"}
{"_id":{"$oid":"63074882ff3acbe0d63c38e4"},"year":"2014","energy_products":"Petroleum Products","sub_products":"Other Petroleum Products","value_ktoe":"7398.6"}
{"_id":{"$oid":"63074882ff3acbe0d63c38e5"},"year":"2015","energy_products":"Coal and Peat","sub_products":"Coal and Peat","value_ktoe":"0.1"}
{"_id":{"$oid":"63074882ff3acbe0d63c38e6"},"year":"2015","energy_products":"Crude Oil","sub_products":"Crude Oil","value_ktoe":"62.1"}
{"_id":{"$oid":"63074882ff3acbe0d63c38e7"},"year":"2015","energy_products":"Crude Oil","sub_products":"Other Crude Oil","value_ktoe":"1076.2"}
{"_id":{"$oid":"63074882ff3acbe0d63c38e8"},"year":"2015","energy_products":"Petroleum Products","sub_products":"Fuel Oil","value_ktoe":"28927.6"}
{"_id":{"$oid":"63074882ff3acbe0d63c38e9"},"year":"2015","energy_products":"Petroleum Products","sub_products":"Gas/Diesel Oil","value_ktoe":"23428.3"}
{"_id":{"$oid":"63074882ff3acbe0d63c38ea"},"year":"2015","energy_products":"Petroleum Products","sub_products":"Gasoline","value_ktoe":"25330.1"}
{"_id":{"$oid":"63074882ff3acbe0d63c38eb"},"year":"2015","energy_products":"Petroleum Products","sub_products":"Jet Fuel Kerosene","value_ktoe":"4953.5"}
{"_id":{"$oid":"63074882ff3acbe0d63c38ec"},"year":"2015","energy_products":"Petroleum Products","sub_products":"Naphtha","value_ktoe":"788.3"}
{"_id":{"$oid":"63074882ff3acbe0d63c38ed"},"year":"2015","energy_products":"Petroleum Products","sub_products":"Other Petroleum Products","value_ktoe":"7497.7"}
{"_id":{"$oid":"63074882ff3acbe0d63c38ee"},"year":"2016","energy_products":"Coal and Peat","sub_products":"Coal and Peat","value_ktoe":"0.6"}
{"_id":{"$oid":"63074882ff3acbe0d63c38ef"},"year":"2016","energy_products":"Crude Oil","sub_products":"Crude Oil","value_ktoe":"0.0"}
{"_id":{"$oid":"63074882ff3acbe0d63c38f0"},"year":"2016","energy_products":"Crude Oil","sub_products":"Other Crude Oil","value_ktoe":"1051.1"}
{"_id":{"$oid":"63074882ff3acbe0d63c38f1"},"year":"2016","energy_products":"Petroleum Products","sub_products":"Fuel Oil","value_ktoe":"30696.2"}
{"_id":{"$oid":"63074882ff3acbe0d63c38f2"},"year":"2016","energy_products":"Petroleum Products","sub_products":"Gas/Diesel Oil","value_ktoe":"25527.0"}
{"_id":{"$oid":"63074882ff3acbe0d63c38f3"},"year":"2016","energy_products":"Petroleum Products","sub_products":"Gasoline","value_ktoe":"26082.2"}
{"_id":{"$oid":"63074882ff3acbe0d63c38f4"},"year":"2016","energy_products":"Petroleum Products","sub_products":"Jet Fuel Kerosene","value_ktoe":"6155.0"}
{"_id":{"$oid":"63074882ff3acbe0d63c38f5"},"year":"2016","energy_products":"Petroleum Products","sub_products":"Naphtha","value_ktoe":"1106.2"}
{"_id":{"$oid":"63074882ff3acbe0d63c38f6"},"year":"2016","energy_products":"Petroleum Products","sub_products":"Other Petroleum Products","value_ktoe":"8717.5"}
{"_id":{"$oid":"63074882ff3acbe0d63c38f7"},"year":"2017","energy_products":"Coal and Peat","sub_products":"Coal and Peat","value_ktoe":"0.4"}
{"_id":{"$oid":"63074882ff3acbe0d63c38f8"},"year":"2017","energy_products":"Crude Oil","sub_products":"Crude Oil","value_ktoe":"156.4"}
{"_id":{"$oid":"63074882ff3acbe0d63c38f9"},"year":"2017","energy_products":"Crude Oil","sub_products":"Other Crude Oil","value_ktoe":"1114.7"}
{"_id":{"$oid":"63074882ff3acbe0d63c38fa"},"year":"2017","energy_products":"Petroleum Products","sub_products":"Fuel Oil","value_ktoe":"32529.1"}
{"_id":{"$oid":"63074882ff3acbe0d63c38fb"},"year":"2017","energy_products":"Petroleum Products","sub_products":"Gas/Diesel Oil","value_ktoe":"25422.4"}
{"_id":{"$oid":"63074882ff3acbe0d63c38fc"},"year":"2017","energy_products":"Petroleum Products","sub_products":"Gasoline","value_ktoe":"25566.9"}
{"_id":{"$oid":"63074882ff3acbe0d63c38fd"},"year":"2017","energy_products":"Petroleum Products","sub_products":"Jet Fuel Kerosene","value_ktoe":"7413.3"}
{"_id":{"$oid":"63074882ff3acbe0d63c38fe"},"year":"2017","energy_products":"Petroleum Products","sub_products":"Naphtha","value_ktoe":"1024.4"}
{"_id":{"$oid":"63074882ff3acbe0d63c38ff"},"year":"2017","energy_products":"Petroleum Products","sub_products":"Other Petroleum Products","value_ktoe":"9393.1"}
{"_id":{"$oid":"63074882ff3acbe0d63c3900"},"year":"2018","energy_products":"Coal and Peat","sub_products":"Coal and Peat","value_ktoe":"0.5"}
{"_id":{"$oid":"63074882ff3acbe0d63c3901"},"year":"2018","energy_products":"Crude Oil","sub_products":"Crude Oil","value_ktoe":"110.5"}
{"_id":{"$oid":"63074882ff3acbe0d63c3902"},"year":"2018","energy_products":"Crude Oil","sub_products":"Other Crude Oil","value_ktoe":"942.6"}
{"_id":{"$oid":"63074882ff3acbe0d63c3903"},"year":"2018","energy_products":"Petroleum Products","sub_products":"Fuel Oil","value_ktoe":"25560.4"}
{"_id":{"$oid":"63074882ff3acbe0d63c3904"},"year":"2018","energy_products":"Petroleum Products","sub_products":"Gas/Diesel Oil","value_ktoe":"23971.5"}
{"_id":{"$oid":"63074882ff3acbe0d63c3905"},"year":"2018","energy_products":"Petroleum Products","sub_products":"Gasoline","value_ktoe":"27197.9"}
{"_id":{"$oid":"63074882ff3acbe0d63c3906"},"year":"2018","energy_products":"Petroleum Products","sub_products":"Jet Fuel Kerosene","value_ktoe":"5285.9"}
{"_id":{"$oid":"63074882ff3acbe0d63c3907"},"year":"2018","energy_products":"Petroleum Products","sub_products":"Naphtha","value_ktoe":"623.1"}
{"_id":{"$oid":"63074882ff3acbe0d63c3908"},"year":"2018","energy_products":"Petroleum Products","sub_products":"Other Petroleum Products","value_ktoe":"7993.8"}
{"_id":{"$oid":"63074882ff3acbe0d63c3909"},"year":"2019","energy_products":"Coal and Peat","sub_products":"Coal and Peat","value_ktoe":"0.1"}
{"_id":{"$oid":"63074882ff3acbe0d63c390a"},"year":"2019","energy_products":"Crude Oil","sub_products":"Crude Oil","value_ktoe":"0.0"}
{"_id":{"$oid":"63074882ff3acbe0d63c390b"},"year":"2019","energy_products":"Crude Oil","sub_products":"Other Crude Oil","value_ktoe":"965.9"}
{"_id":{"$oid":"63074882ff3acbe0d63c390c"},"year":"2019","energy_products":"Petroleum Products","sub_products":"Fuel Oil","value_ktoe":"22513.3"}
{"_id":{"$oid":"63074882ff3acbe0d63c390d"},"year":"2019","energy_products":"Petroleum Products","sub_products":"Gas/Diesel Oil","value_ktoe":"21763.4"}
{"_id":{"$oid":"63074882ff3acbe0d63c390e"},"year":"2019","energy_products":"Petroleum Products","sub_products":"Gasoline","value_ktoe":"28096.4"}
{"_id":{"$oid":"63074882ff3acbe0d63c390f"},"year":"2019","energy_products":"Petroleum Products","sub_products":"Jet Fuel Kerosene","value_ktoe":"4983.7"}
{"_id":{"$oid":"63074882ff3acbe0d63c3910"},"year":"2019","energy_products":"Petroleum Products","sub_products":"Naphtha","value_ktoe":"897.2"}
{"_id":{"$oid":"63074882ff3acbe0d63c3911"},"year":"2019","energy_products":"Petroleum Products","sub_products":"Other Petroleum Products","value_ktoe":"8436.5"}
{"_id":{"$oid":"63074882ff3acbe0d63c3912"},"year":"2020","energy_products":"Coal and Peat","sub_products":"Coal and Peat","value_ktoe":"0.1"}
{"_id":{"$oid":"63074882ff3acbe0d63c3913"},"year":"2020","energy_products":"Crude Oil","sub_products":"Crude Oil","value_ktoe":"0.0"}
{"_id":{"$oid":"63074882ff3acbe0d63c3914"},"year":"2020","energy_products":"Crude Oil","sub_products":"Other Crude Oil","value_ktoe":"963.9"}
{"_id":{"$oid":"63074882ff3acbe0d63c3915"},"year":"2020","energy_products":"Petroleum Products","sub_products":"Fuel Oil","value_ktoe":"14965.2"}
{"_id":{"$oid":"63074882ff3acbe0d63c3916"},"year":"2020","energy_products":"Petroleum Products","sub_products":"Gas/Diesel Oil","value_ktoe":"20453.3"}
{"_id":{"$oid":"63074882ff3acbe0d63c3917"},"year":"2020","energy_products":"Petroleum Products","sub_products":"Gasoline","value_ktoe":"24788.8"}
{"_id":{"$oid":"63074882ff3acbe0d63c3918"},"year":"2020","energy_products":"Petroleum Products","sub_products":"Jet Fuel Kerosene","value_ktoe":"3322.6"}
{"_id":{"$oid":"63074882ff3acbe0d63c3919"},"year":"2020","energy_products":"Petroleum Products","sub_products":"Naphtha","value_ktoe":"1349.4"}
{"_id":{"$oid":"63074882ff3acbe0d63c391a"},"year":"2020","energy_products":"Petroleum Products","sub_products":"Other Petroleum Products","value_ktoe":"10633.7"}
